appid,name,type,mac_available,windows_available,linux_available,release_date,publishers,developers,genres,categories,price_initial,description,recommendation_total,metacritic,num_achievements,review_score,review_score_desc,total_positive,total_negative,total_reviews
4704690,MECCHA CHAMELEON,game,False,True,False,"Jun 9, 2026",['lemorion_1224'],['lemorion_1224'],Casual,"Multi-player,PvP,Online PvP,Camera Comfort,Custom Volume Controls,Playable without Timed Input,Stereo Sound,Surround Sound,Family Sharing",599.0,"Paint yourself to blend in! &quot;Meccha Chameleon&quot; is a new-sensation hide-and-seek game where you paint your white body to mimic the stage. Spot, pose, and &quot;artistic skill&quot; are keys to survival. Deceive Seekers with techniques that put chameleons to shame! Supports public matches and streaming.",7826.0,,,8,Very Positive,3831,731,4562
230410,Warframe,game,False,True,False,"Mar 25, 2013",['Digital Extremes'],['Digital Extremes'],"Action,RPG,Free To Play","Single-player,Multi-player,Co-op,Online Co-op,Cross-Platform Multiplayer,Steam Achievements,Full controller support,Steam Trading Cards,Steam Workshop,In-App Purchases,Camera Comfort,Color Alternatives,Custom Volume Controls,Playable without Timed Input,Stereo Sound,Surround Sound,Remote Play on Phone,Remote Play on Tablet,Remote Play on TV,HDR available",,Awaken as an unstoppable warrior and battle alongside your friends in this story-driven free-to-play online action game,2882.0,69.0,193.0,8,Very Positive,1008,134,1142
730,Counter-Strike 2,game,False,True,True,"Aug 21, 2012",['Valve'],['Valve'],"Action,Free To Play","Multi-player,Cross-Platform Multiplayer,Steam Trading Cards,Steam Workshop,In-App Purchases,Adjustable Text Size,Camera Comfort,Color Alternatives,Custom Volume Controls,Playable without Timed Input,Stereo Sound,Surround Sound,Valve Anti-Cheat enabled,Stats,Remote Play on Phone,Remote Play on Tablet,Remote Play on TV,Steam Timeline",,"For over two decades, Counter-Strike has offered an elite competitive experience, one shaped by millions of players from across the globe. And now the next chapter in the CS story is about to begin. This is Counter-Strike 2.",5132784.0,,1.0,8,Very Positive,1253498,211769,1465267
381210,Dead by Daylight,game,False,True,False,"Jun 14, 2016",['Behaviour Interactive Inc.'],['Behaviour Interactive Inc.'],Action,"Multi-player,PvP,Online PvP,Co-op,Online Co-op,Cross-Platform Multiplayer,Steam Achievements,Full controller support,Steam Trading Cards,Color Alternatives,Custom Volume Controls,Stereo Sound,Subtitle Options,Surround Sound,Steam Cloud,Remote Play on Phone,Remote Play on Tablet,Remote Play on TV,Family Sharing",1999.0,"10 years of horror. 10 years of jump scares and close calls. 10 years of brutal sacrifices and thrilling escapes. Trapped forever in a realm of eldritch evil where even death is not an escape, four determined Survivors face a bloodthirsty Killer in a vicious game of nerve and wits.",663460.0,,300.0,6,Mostly Positive,204754,52716,257470
216150,MapleStory,game,True,True,False,"Aug 9, 2012",['Nexon America Inc.'],['NEXON Korea Corporation'],"Action,Adventure,Casual,Massively Multiplayer,RPG,Free To Play","Single-player,Multi-player,MMO,Co-op,Steam Trading Cards",,"Join over 260 million players worldwide in MapleStory, the world’s biggest 2D MMORPG adventure! Play now for free.",101.0,,0.0,5,Mixed,48,32,80
578080,PUBG: BATTLEGROUNDS,game,False,True,False,"Dec 21, 2017","['KRAFTON, Inc.']",['PUBG Corporation'],"Action,Adventure,Massively Multiplayer,Free To Play","Multi-player,PvP,Online PvP,Custom Volume Controls,Stereo Sound,Surround Sound,Partial Controller Support,Stats,Remote Play on Phone,Remote Play on Tablet,Family Sharing",,"PUBG: BATTLEGROUNDS, the high-stakes winner-take-all shooter that started the Battle Royale craze, is free-to-play! Drop into diverse maps, loot unique weapons and supplies, and survive in an ever-shrinking zone where every turn could be your last.",1760763.0,,37.0,5,Mixed,176763,101860,278623
2357570,Overwatch®,game,False,True,False,"Aug 10, 2023","['Blizzard Entertainment, Inc.']","['Blizzard Entertainment, Inc.']","Action,Free To Play","Multi-player,PvP,Online PvP,Co-op,Online Co-op,Cross-Platform Multiplayer,Steam Achievements,Full controller support,In-App Purchases,Adjustable Text Size,Camera Comfort,Chat Speech-to-text,Chat Text-to-speech,Color Alternatives,Custom Volume Controls,Playable without Timed Input,Stereo Sound,Subtitle Options,Surround Sound",,"Overwatch®, A FUTURE WORTH FIGHTING FOR! Overwatch® is an always-on and ever-evolving free-to-play, team-based action game set in an optimistic future, where every match is the ultimate 5v5 or 6v6 battlefield brawl.",269.0,,164.0,5,Mixed,70,77,147
2767030,Marvel Rivals,game,False,True,False,"Dec 5, 2024",['NetEase Games'],['NetEase Games'],"Action,Free To Play","Multi-player,PvP,Online PvP,Co-op,Online Co-op,Cross-Platform Multiplayer,Steam Achievements,Full controller support,In-App Purchases,Family Sharing",,"Marvel Rivals is a Super Hero Team-Based PVP Shooter! Assemble an all-star Marvel squad, devise countless strategies by combining powers to form unique Team-Up skills and fight in destructible, ever-changing battlefields across the continually evolving Marvel universe!",,,49.0,0,No user reviews,0,0,0
1085660,Destiny 2,game,False,True,False,"Oct 1, 2019",['Bungie'],['Bungie'],"Action,Adventure,Free To Play","Single-player,Multi-player,PvP,Online PvP,Co-op,Online Co-op,Steam Achievements,In-App Purchases,Color Alternatives,Custom Volume Controls,Subtitle Options,Partial Controller Support,Family Sharing",,"Explore the mysteries of Sol and experience exhilirating first-person shooter combat in Destiny 2. Unlock powerful abilities and collect unique gear across story missions, co-op, and PvP modes.",137920.0,83.0,23.0,6,Mostly Positive,64399,16830,81229
1675200,Steam Deck,hardware,True,True,True,"Jan 17, 2025",,,,,39900.0,"Your games, everywhere Powerful, portable PC gaming, designed for comfort and a console-like user experience",,,,0,No user reviews,0,0,0
2483190,Forza Horizon 6,game,False,True,False,"May 18, 2026",['Xbox Game Studios'],['Playground Games'],"Racing,Simulation,Sports","Single-player,Multi-player,PvP,Online PvP,Co-op,Online Co-op,Steam Achievements,Full controller support,Steam Trading Cards,Chat Text-to-speech,Color Alternatives,Custom Volume Controls,Adjustable Difficulty,Keyboard Only Option,Playable without Timed Input,Stereo Sound,Surround Sound,HDR available,Family Sharing",6999.0,Discover the breathtaking landscapes of Japan in over 550 real-world cars and become a racing Legend in Forza Horizon's biggest open world driving adventure yet.,69758.0,,57.0,8,Very Positive,29204,4564,33768
4165870,Steam Controller,hardware,True,True,True,"May 4, 2026",['Valve'],['Valve'],,,9900.0,"Your games at your fingertips All the inputs to play all the games on Steam, wherever Steam is",,,,0,No user reviews,0,0,0
2694490,Path of Exile 2,game,False,True,False,"Dec 6, 2024",['Grinding Gear Games'],['Grinding Gear Games'],"Action,Adventure,Massively Multiplayer,RPG,Early Access","Single-player,Multi-player,MMO,Co-op,Online Co-op,Full controller support,HDR available",2999.0,"Path of Exile 2 is a next generation Action RPG from Grinding Gear Games, featuring co-op for up to six players. Set years after the original Path of Exile, you will return to the dark world of Wraeclast and seek to end the corruption that is spreading.",161344.0,,,6,Mostly Positive,72117,21793,93910
281990,Stellaris,game,True,True,True,"May 9, 2016",['Paradox Interactive'],['Paradox Development Studio'],"Simulation,Strategy","Single-player,Multi-player,Cross-Platform Multiplayer,Steam Achievements,Steam Trading Cards,Steam Workshop,Steam Cloud,Family Sharing",4999.0,"Explore a galaxy full of wonders in this sci-fi grand strategy game from Paradox Development Studios. Interact with diverse alien races, discover strange new worlds with unexpected events and expand the reach of your empire. Each new adventure holds almost limitless possibilities.",141131.0,78.0,219.0,8,Very Positive,65482,10332,75814
3513350,Wuthering Waves,game,False,True,False,"Apr 28, 2025",['KURO GAMES'],['KURO GAMES'],"Action,Adventure,RPG,Free To Play","Single-player,In-App Purchases,Partial Controller Support,Family Sharing",,"Wuthering Waves is a story-rich open-world action RPG with a high degree of freedom. You wake from your slumber as Rover, joined by a vibrant cast of Resonators on a journey to reclaim your lost memories and change the world.",,,,0,No user reviews,0,0,0
2958130,Jurassic World Evolution 3,game,False,True,False,"Oct 21, 2025",['Frontier Developments'],['Frontier Developments'],"Simulation,Strategy","Single-player,Steam Achievements,Full controller support,Steam Trading Cards,Camera Comfort,Color Alternatives,Custom Volume Controls,Playable without Timed Input,Save Anytime,Stereo Sound,Subtitle Options,Surround Sound,Steam Cloud,HDR available,Family Sharing",5999.0,"Build your own Jurassic World. Nurture generations of dinosaurs with the series debut of juveniles, create and manage sprawling prehistoric parks around the globe, and let your imagination roar with powerful new creative options.",9383.0,81.0,45.0,8,Very Positive,5739,393,6132
1172470,Apex Legends™,game,False,True,False,"Nov 4, 2020",['Electronic Arts'],['Respawn'],"Action,Adventure,Free To Play","Multi-player,PvP,Online PvP,Co-op,Online Co-op,Steam Achievements,Full controller support,Steam Trading Cards,In-App Purchases,Chat Speech-to-text,Playable without Timed Input",,"Apex Legends is the award-winning, free-to-play Hero Shooter from Respawn Entertainment. Master an ever-growing roster of legendary characters with powerful abilities, and experience strategic squad play and innovative gameplay in the next evolution of Hero Shooter and Battle Royale.",1577.0,88.0,12.0,6,Mostly Positive,823,217,1040
1462040,FINAL FANTASY VII REMAKE INTERGRADE,game,False,True,False,"Jun 17, 2022",['Square Enix'],['Square Enix'],"Action,Adventure,RPG","Single-player,Steam Achievements,Steam Trading Cards,Custom Volume Controls,Adjustable Difficulty,Keyboard Only Option,Stereo Sound,Surround Sound,Partial Controller Support,Steam Cloud,Family Sharing",3999.0,"Cloud Strife, an ex-SOLDIER operative, descends on the mako-powered city of Midgar. The world of the timeless classic FINAL FANTASY VII is reborn, using cutting-edge graphics technology, a new battle system and an additional adventure featuring Yuffie Kisaragi.",39403.0,,63.0,8,Very Positive,16705,2438,19143
3483510,The Adventures of Elliot: The Millennium Tales,game,False,True,False,"Jun 18, 2026",['Square Enix'],"['Square Enix', 'Claytechworks']","Action,Adventure,RPG","Single-player,Multi-player,Steam Achievements,Full controller support,Custom Volume Controls,Adjustable Difficulty,Playable without Timed Input,Stereo Sound,Steam Cloud,Family Sharing",5999.0,A brand-new action RPG from the creators of OCTOPATH TRAVELER and BRAVELY DEFAULT – The Adventures of Elliot: The Millennium Tales combines stunning HD-2D visuals and exciting action-adventure gameplay for the first time!,,,,0,No user reviews,0,0,0
4162040,Zenless Zone Zero,game,False,True,False,"Jun 16, 2026",['COGNOSPHERE PTE. LTD.'],['COGNOSPHERE PTE. LTD.'],"Action,Adventure,RPG,Free To Play","Single-player,In-App Purchases,Partial Controller Support,Family Sharing",,"Zenless Zone Zero is HoYoverse’s brand-new urban fantasy ARPG. Players act as &quot;Proxies&quot; who explore Hollows alongside a wide range of unique Agents, fighting enemies, and completing commissions on their journey to unveil the mysteries behind New Eridu.",,,,0,No user reviews,0,0,0
3844970,Burglin' Gnomes,game,False,True,False,"Jun 10, 2026",['Fobri'],['Fobri'],"Action,Adventure","Single-player,Multi-player,Co-op,Online Co-op,Playable without Timed Input,Stereo Sound,Steam Cloud,Family Sharing",999.0,"An online Co-op game about breaking into houses and causing havoc as a tiny gnome. Avoid danger, repurpose stolen household items, and complete tasks to meet the High-Gnome’s demands. Craft equipment and upgrade your home to make your missions easier and more successful.",1805.0,,,8,Very Positive,830,161,991
3768760,007 First Light,game,False,True,False,"May 26, 2026",['IO Interactive A/S'],['IO Interactive A/S'],"Action,Adventure","Single-player,Steam Achievements,Full controller support,Camera Comfort,Custom Volume Controls,Adjustable Difficulty,Subtitle Options,Steam Cloud,Family Sharing",6999.0,"Earn the Number. 007 First Light is a thrilling espionage action-adventure game from IO Interactive. Follow James Bond as a young, resourceful and sometimes reckless recruit in MI6's training programme, and discover an origin story of the world’s most famous spy.",25102.0,84.0,37.0,8,Very Positive,12851,1298,14149
4791830,Dead by Daylight: Jason,dlc,False,True,False,"Jun 16, 2026",,['Behaviour Interactive Inc.'],Action,"Multi-player,PvP,Online PvP,Co-op,Online Co-op,Cross-Platform Multiplayer,Downloadable Content,Steam Achievements,Steam Trading Cards,Color Alternatives,Stereo Sound,Subtitle Options,Steam Cloud,Remote Play on Phone,Remote Play on Tablet,Family Sharing",499.0,"THE SLASHER No matter where you run, Jason is never far away. Relentless, vicious, and brutally creative, the masked slasher will never run out of inventive ways to kill. It’s all fun and games until a piece of scrap metal bursts through your chest.",786.0,,,8,Very Positive,287,40,327
359550,Tom Clancy's Rainbow Six Siege,game,False,True,False,"Dec 1, 2015",['Ubisoft'],['Ubisoft Montreal'],"Action,Free To Play","Single-player,Multi-player,PvP,Online PvP,Co-op,Online Co-op,Full controller support,Steam Trading Cards,In-App Purchases,Remote Play on Phone,Remote Play on Tablet",,"Tom Clancy's Rainbow Six Siege is an elite, tactical team-based shooter where superior planning and execution triumph.",1244732.0,,48.0,8,Very Positive,529520,110736,640256
3472040,NBA 2K26,game,False,True,False,"Sep 4, 2025",['2K'],['Visual Concepts'],Sports,"Single-player,Multi-player,PvP,Online PvP,Shared/Split Screen PvP,Co-op,Online Co-op,Shared/Split Screen Co-op,Shared/Split Screen,Steam Achievements,In-App Purchases,Camera Comfort,Custom Volume Controls,Adjustable Difficulty,Keyboard Only Option,Stereo Sound,Surround Sound,Partial Controller Support,Steam Cloud,Remote Play Together,Family Sharing",7999.0,"Bragging rights are on the line in MyCAREER, MyTEAM, MyNBA, The W, and Play Now. Showcase your bag of moves with hyper realism, Powered by ProPLAY™, and challenge your friends, or rivals, in NBA 2K26’s competitive modes—and leave no doubt that you wear the crown.",20798.0,,48.0,6,Mostly Positive,8210,3070,11280
552990,World of Warships,game,False,True,False,"Nov 15, 2017",['Wargaming Group Limited'],['Wargaming Group Limited'],"Action,Massively Multiplayer,Simulation,Strategy,Free To Play","Multi-player,MMO,PvP,Online PvP,Co-op,Online Co-op,Steam Achievements,Steam Trading Cards,In-App Purchases,Adjustable Text Size,Camera Comfort,Color Alternatives,Custom Volume Controls,Playable without Timed Input,Steam Cloud,Family Sharing",,"Immerse yourself in thrilling naval battles and assemble an armada of over 800 ships from the first half of the 20th century — from stealthy destroyers to gigantic battleships. Change the look of your ship, choose upgrades to suit your play style, and go into battle with other players!",2023.0,81.0,43.0,6,Mostly Positive,639,183,822
1962700,Subnautica 2,game,False,True,False,"May 14, 2026",['Unknown Worlds Entertainment'],['Unknown Worlds Entertainment'],"Action,Adventure,Early Access","Single-player,Multi-player,Co-op,Online Co-op,Cross-Platform Multiplayer,Full controller support,Adjustable Text Size,Camera Comfort,Color Alternatives,Custom Volume Controls,Adjustable Difficulty,Playable without Timed Input,Save Anytime,Stereo Sound,Subtitle Options,Steam Cloud,Family Sharing",2999.0,"Subnautica 2 is an underwater survival adventure set on an all-new alien world, developed by Unknown Worlds. Play alone or with friends in 4-player co-op. Adapt to survive by building custom bases and crafting tools. Explore the unknown to uncover the mysteries hidden within the depths.",107816.0,,,8,Very Positive,61570,4450,66020
1118520,Paralives,game,True,True,False,"May 25, 2026",['Paralives Studio'],['Alex Massé and team'],"Simulation,Early Access","Single-player,Steam Workshop,Adjustable Text Size,Camera Comfort,Custom Volume Controls,Adjustable Difficulty,Mouse Only Option,Playable without Timed Input,Save Anytime,Stereo Sound,Family Sharing",3999.0,"Paralives is a life simulation game about building homes, lives and bonds. Through both hardship and success, where will your story take you?",16120.0,,,8,Very Positive,10523,990,11513
252490,Rust,game,True,True,False,"Feb 8, 2018",['Facepunch Studios'],['Facepunch Studios'],"Action,Adventure,Indie,Massively Multiplayer,RPG","Multi-player,MMO,PvP,Online PvP,Co-op,Online Co-op,Cross-Platform Multiplayer,Steam Achievements,Steam Trading Cards,Steam Workshop,In-App Purchases,Adjustable Text Size,Camera Comfort,Color Alternatives,Custom Volume Controls,Adjustable Difficulty,Stereo Sound,Subtitle Options,Surround Sound,Valve Anti-Cheat enabled,Stats,Remote Play on Tablet",3999.0,"The only aim in Rust is to survive. Everything wants you to die - the island’s wildlife, other inhabitants, the environment, and other survivors. Do whatever it takes to last another night.",1144265.0,69.0,102.0,8,Very Positive,453588,70125,523713
3764200,Resident Evil Requiem,game,False,True,False,"Feb 26, 2026","['CAPCOM Co., Ltd.']","['CAPCOM Co., Ltd.']","Action,Adventure","Single-player,Steam Achievements,Full controller support,Steam Trading Cards,Captions available,Steam Cloud,HDR available,Family Sharing",6999.0,Requiem for the dead. Nightmare for the living. Prepare to escape death in a heart-stopping experience that will chill you to your core.,101442.0,92.0,49.0,9,Overwhelmingly Positive,49055,1713,50768
1943950,Escape the Backrooms,game,False,True,False,"Oct 23, 2025",['Secret Mode'],"['Fancy Games', 'Blackbird Interactive']","Action,Indie","Single-player,Multi-player,Co-op,Online Co-op,Steam Achievements,Camera Comfort,Custom Volume Controls,Adjustable Difficulty,Playable without Timed Input,Stereo Sound,Partial Controller Support,Steam Cloud,HDR available,Family Sharing",999.0,Escape the Backrooms is a 1-4 player co-op horror exploration game. Traverse 30+ eerie backrooms levels while avoiding entities and other dangers. Try to escape but be warned: survival isn't guaranteed.,121379.0,,34.0,8,Very Positive,35836,4377,40213
3405690,EA SPORTS FC™ 26,game,False,True,False,"Sep 25, 2025",['Electronic Arts'],"['EA Canada', 'EA Romania']","Simulation,Sports","Single-player,Multi-player,PvP,Online PvP,Shared/Split Screen PvP,Co-op,Online Co-op,Shared/Split Screen Co-op,Shared/Split Screen,Cross-Platform Multiplayer,Steam Achievements,Full controller support,In-App Purchases,Chat Speech-to-text,Adjustable Difficulty,Keyboard Only Option,Stereo Sound,Subtitle Options,HDR available",6999.0,"The Club is Yours in EA SPORTS FC™ 26. Play your way with an overhauled gameplay experience powered by community feedback, Manager Live Challenges that bring fresh storylines to the new season, and Archetypes inspired by greats of the game.",69193.0,,43.0,5,Mixed,9852,10662,20514
4131670,Jurassic World Evolution 3: Rebirth Expansion,dlc,False,True,False,"Jun 16, 2026",['Frontier Developments'],['Frontier Developments'],"Simulation,Strategy","Single-player,Downloadable Content,Steam Achievements,Full controller support,Steam Trading Cards,Camera Comfort,Color Alternatives,Custom Volume Controls,Playable without Timed Input,Save Anytime,Stereo Sound,Subtitle Options,Surround Sound,Steam Cloud,HDR available,Family Sharing",2499.0,"Delve into a game expanding narrative inspired by the dramatic events of Jurassic World Rebirth. Take control of three top-secret locations, and come face to face with four new dinosaurs, including the terrifying Distortus rex! ",116.0,,,5,Mixed,46,37,83
3892270,Gamble With Your Friends,game,False,True,False,"May 1, 2026",['TENSTACK'],['TEAM GWYF'],"Adventure,Indie,Simulation","Single-player,Multi-player,Co-op,Online Co-op,Steam Achievements,Camera Comfort,Custom Volume Controls,Playable without Timed Input,Stereo Sound,Steam Cloud,Family Sharing",799.0,"An online 1-6 player co-op &quot;casino crawler&quot; where you and your friends share one bank account and one massive debt. Gamble, buy sketchy items, make terrible decisions, and climb an ominous casino tower to hit your loan shark’s daily quota in 5 minutes - or face the consequences.",10968.0,,55.0,8,Very Positive,6701,831,7532
553850,HELLDIVERS™ 2,game,False,True,False,"Feb 8, 2024",['PlayStation Publishing LLC'],['Arrowhead Game Studios'],Action,"Multi-player,Co-op,Online Co-op,Steam Achievements,In-App Purchases,Adjustable Text Size,Camera Comfort,Chat Speech-to-text,Chat Text-to-speech,Color Alternatives,Custom Volume Controls,Adjustable Difficulty,Narrated Game Menus,Playable without Timed Input,Stereo Sound,Subtitle Options,Surround Sound,Partial Controller Support,Family Sharing",3999.0,"The Galaxy’s Last Line of Offence. Enlist in the Helldivers and join the fight for freedom across a hostile galaxy in a fast, frantic, and ferocious third-person shooter.",828484.0,,38.0,8,Very Positive,504520,122980,627500
2246340,Monster Hunter Wilds,game,False,True,False,"Feb 27, 2025","['CAPCOM Co., Ltd.']","['CAPCOM Co., Ltd.']","Action,Adventure,RPG","Single-player,Multi-player,Co-op,Online Co-op,Cross-Platform Multiplayer,Steam Achievements,Full controller support,Steam Trading Cards,Adjustable Text Size,Camera Comfort,Color Alternatives,Custom Volume Controls,Keyboard Only Option,Stereo Sound,Subtitle Options,Surround Sound,Steam Cloud,HDR available,Family Sharing",6999.0,"The unbridled force of nature runs wild and relentless, with environments transforming drastically from one moment to the next. This is a story of monsters and humans and their struggles to live in harmony in a world of duality.",195035.0,,50.0,5,Mixed,57664,24810,82474
2050650,Resident Evil 4,game,False,True,False,"Mar 23, 2023","['CAPCOM Co., Ltd.']","['CAPCOM Co., Ltd.']","Action,Adventure","Single-player,Steam Achievements,Full controller support,Steam Trading Cards,Steam Cloud,HDR available,Family Sharing",3999.0,"Survival is just the beginning. Six years have passed since the biological disaster in Raccoon City. Leon S. Kennedy, one of the survivors, tracks the president's kidnapped daughter to a secluded European village, where there is something terribly wrong with the locals.",171368.0,91.0,46.0,9,Overwhelmingly Positive,64483,2311,66794
4760260,Warframe: Styanax Prime Access - Weapons Pack,dlc,False,True,False,"Jun 17, 2026",['Digital Extremes'],['Digital Extremes'],"Action,RPG,Free To Play","Single-player,Multi-player,Co-op,Online Co-op,Cross-Platform Multiplayer,Downloadable Content,Steam Achievements,Steam Trading Cards,Steam Workshop,In-App Purchases,Camera Comfort,Color Alternatives,Custom Volume Controls,Playable without Timed Input,Stereo Sound,Surround Sound,HDR available",4999.0,"This exclusive Weapons Pack features the Afentis Prime, Athodai Prime and more. Available for a limited time ONLY through Prime Access.",,,,0,No user reviews,0,0,0
1245620,ELDEN RING,game,False,True,False,"Feb 24, 2022","['FromSoftware, Inc.', 'Bandai Namco Entertainment']","['FromSoftware, Inc.']","Action,RPG","Single-player,Multi-player,PvP,Online PvP,Co-op,Online Co-op,Steam Achievements,Full controller support,Steam Trading Cards,Camera Comfort,Custom Volume Controls,Playable without Timed Input,Save Anytime,Stereo Sound,Surround Sound,Steam Cloud,Family Sharing",5999.0,"THE CRITICALLY ACCLAIMED FANTASY ACTION RPG. Rise, Tarnished, and be guided by grace to brandish the power of the Elden Ring and become an Elden Lord in the Lands Between.",820535.0,94.0,42.0,8,Very Positive,405086,24436,429522
2244210,Echoes of Aincrad,game,False,True,False,"Jul 9, 2026",['Bandai Namco Entertainment Inc.'],['Game Studio Inc.'],"Action,RPG","Single-player,Steam Achievements,Full controller support,Steam Cloud,Family Sharing",6999.0,"Step into Aincrad, a world of beauty and danger where every battle could be your last. Create your hero, choose your gear, and master combat by building synergy with your partner, leveling up, and unlocking special abilities to expand your horizons.",,,,0,No user reviews,0,0,0
236390,War Thunder,game,True,True,True,"Aug 15, 2013",['Gaijin Network Ltd'],['Gaijin Entertainment'],"Action,Massively Multiplayer,Simulation,Free To Play","Single-player,Multi-player,MMO,PvP,Online PvP,Co-op,Online Co-op,Cross-Platform Multiplayer,Steam Achievements,Full controller support,VR Supported,Steam Trading Cards,In-App Purchases,Adjustable Text Size,Camera Comfort,Color Alternatives,Custom Volume Controls,Playable without Timed Input,Stereo Sound,Surround Sound,Remote Play on Phone,Remote Play on Tablet",,"War Thunder is the most comprehensive free-to-play, cross-platform, MMO military game dedicated to aviation, armoured vehicles, and naval craft, from the early 20th century to the most advanced modern combat units. Join now and take part in major battles on land, in the air, and at sea.",1975.0,81.0,91.0,5,Mixed,557,264,821
4760270,Warframe: Styanax Prime Access - Accessories Pack,dlc,False,True,False,"Jun 17, 2026",['Digital Extremes'],['Digital Extremes'],"Action,RPG","Single-player,Multi-player,Co-op,Online Co-op,Cross-Platform Multiplayer,Downloadable Content,Steam Achievements,Steam Trading Cards,Steam Workshop,In-App Purchases,Camera Comfort,Color Alternatives,Custom Volume Controls,Playable without Timed Input,Stereo Sound,Surround Sound,HDR available",4999.0,"This exclusive Accessories Pack features the Lanex Prime Syandana, Daurus Prime Armor and more. Available for a limited time ONLY through Prime Access.",,,,0,1 user reviews,1,0,1
1364780,Street Fighter™ 6,game,False,True,False,"Jun 1, 2023","['CAPCOM Co., Ltd.']","['CAPCOM Co., Ltd.']","Action,Adventure","Single-player,Multi-player,PvP,Online PvP,Shared/Split Screen PvP,Shared/Split Screen,Cross-Platform Multiplayer,Steam Achievements,Steam Trading Cards,In-App Purchases,Camera Comfort,Custom Volume Controls,Adjustable Difficulty,Keyboard Only Option,Save Anytime,Stereo Sound,Surround Sound,Partial Controller Support,Steam Cloud,Family Sharing",3999.0,"Here comes Capcom’s newest challenger! Street Fighter™ 6 launches worldwide on June 2nd, 2023 and represents the next evolution of the Street Fighter™ series! Street Fighter 6 spans three distinct game modes, including World Tour, Fighting Ground and Battle Hub.",47451.0,92.0,43.0,8,Very Positive,16992,3075,20067
1401590,Disney Dreamlight Valley,game,False,True,False,"Dec 5, 2023",['Gameloft'],['Gameloft'],"Action,Adventure,Casual,RPG,Simulation","Single-player,Multi-player,Full controller support,In-App Purchases,Camera Comfort,Custom Volume Controls,Playable without Timed Input,Save Anytime,Stereo Sound,Subtitle Options,Family Sharing",3999.0,Explore a world filled with the magic of Disney as you discover rich stories and build the perfect neighborhood alongside Disney and Pixar heroes and villains in this new life-sim adventure game. Welcome to Disney Dreamlight Valley.,21498.0,,15.0,8,Very Positive,13988,1343,15331
1151340,Fallout 76,game,False,True,False,"Apr 14, 2020",['Bethesda Softworks'],['Bethesda Game Studios'],RPG,"Multi-player,MMO,PvP,Online PvP,Co-op,Online Co-op,Steam Achievements,In-App Purchases,Chat Speech-to-text,Playable without Timed Input,Stereo Sound,Surround Sound,Partial Controller Support,Remote Play on Tablet",3999.0,"Bethesda Game Studios welcome you to Fallout 76. Twenty-five years after the bombs fall, you and your fellow Vault Dwellers emerge into post-nuclear America. Explore a vast wasteland in this open-world multiplayer addition to the Fallout story.",77140.0,,72.0,6,Mostly Positive,34604,11306,45910
2868840,Slay the Spire 2,game,True,True,True,"Mar 5, 2026",['Mega Crit'],['Mega Crit'],"Indie,Strategy,Early Access","Single-player,Multi-player,Co-op,Online Co-op,Full controller support,Custom Volume Controls,Mouse Only Option,Playable without Timed Input,Save Anytime,Steam Cloud,Stats,Steam Leaderboards,Family Sharing",2499.0,"The iconic roguelike deckbuilder returns. Craft a unique deck, encounter bizarre creatures, and discover relics of immense power in Slay the Spire 2!",193123.0,,,8,Very Positive,49748,3113,52861
39210,FINAL FANTASY XIV Online,game,False,True,False,"Feb 18, 2014",['Square Enix'],['Square Enix'],"Massively Multiplayer,RPG","Single-player,Multi-player,MMO,PvP,Online PvP,Co-op,Online Co-op,Cross-Platform Multiplayer,Adjustable Text Size,Custom Volume Controls,Keyboard Only Option,Save Anytime,Stereo Sound,Surround Sound,Partial Controller Support,Remote Play on Tablet,Family Sharing",1999.0,"Join over 30 million adventurers worldwide and take part in an epic and ever-changing FINAL FANTASY. Experience an unforgettable story, exhilarating battles, and a myriad of captivating environments to explore.",77755.0,83.0,,8,Very Positive,52425,7978,60403
438100,VRChat,game,False,True,False,"Feb 1, 2017",['VRChat Inc.'],['VRChat Inc.'],"Adventure,Casual,Massively Multiplayer,Simulation,Sports,Free To Play,Early Access","Multi-player,MMO,PvP,Online PvP,Co-op,Online Co-op,Cross-Platform Multiplayer,Full controller support,Tracked Controller Support,VR Supported,In-App Purchases,Family Sharing",,"Join our growing community as you explore, play, and help craft the future of social VR. Create worlds and custom avatars. Welcome to VRChat.",147.0,,,8,Very Positive,91,18,109
3240220,Grand Theft Auto V Enhanced,game,False,True,False,"Mar 4, 2025",['Rockstar Games'],['Rockstar North'],"Action,Adventure,Racing","Single-player,Multi-player,PvP,Online PvP,Co-op,Online Co-op,Steam Achievements,In-App Purchases,Partial Controller Support,Remote Play on Phone,Remote Play on Tablet",2999.0,"Experience entertainment blockbusters Grand Theft Auto V and Grand Theft Auto Online — now upgraded for a new generation with stunning visuals, faster loading, 3D audio, and more, plus exclusive content for GTA Online players.",177702.0,,77.0,8,Very Positive,51076,12483,63559
394360,Hearts of Iron IV,game,True,True,True,"Jun 6, 2016",['Paradox Interactive'],['Paradox Development Studio'],"Simulation,Strategy","Single-player,Multi-player,Co-op,Cross-Platform Multiplayer,Steam Achievements,Steam Trading Cards,Steam Workshop,Steam Cloud,Remote Play on Tablet,Family Sharing",4999.0,"Victory is at your fingertips! Your ability to lead your nation is your supreme weapon, the strategy game Hearts of Iron IV lets you take command of any nation in World War II; the most engaging conflict in world history.",276677.0,83.0,293.0,8,Very Positive,111311,11006,122317
1868140,DAVE THE DIVER,game,True,True,False,"Jun 28, 2023",['MINTROCKET'],['MINTROCKET'],"Adventure,Casual,RPG,Simulation","Single-player,Steam Achievements,Full controller support,Steam Trading Cards,Steam Cloud,Family Sharing",1999.0,"DAVE THE DIVER is a casual, singleplayer adventure RPG featuring deep-sea exploration and fishing during the day and sushi restaurant management at night. Join Dave and his quirky friends as they seek to uncover the secrets of the mysterious Blue Hole.",134029.0,90.0,43.0,9,Overwhelmingly Positive,46935,1608,48543
2141910,Magic: The Gathering Arena,game,True,True,False,"May 23, 2023",['Wizards of the Coast'],['Wizards of the Coast'],"Strategy,Free To Play","Multi-player,PvP,Online PvP,Cross-Platform Multiplayer,In-App Purchases,Family Sharing",,"Magic: The Gathering Arena empowers you to discover your strategy, meet the planeswalkers, explore the multiverse, and battle friends around the world. Start playing for free, challenge your friends, unlock cards, and feel the magic of the original fantasy CCG!",,,,0,No user reviews,0,0,0
3321460,Crimson Desert,game,True,True,False,"Mar 19, 2026",['Pearl Abyss'],['Pearl Abyss'],"Action,Adventure","Single-player,Steam Achievements,Full controller support,Custom Volume Controls,Save Anytime,Stereo Sound,Subtitle Options,Surround Sound,Steam Cloud,HDR available,Family Sharing",6999.0,"Crimson Desert is an open-world action-adventure set on the continent of Pywel. Join Kliff on his journey to rebuild the Greymane faction and to save the land from a looming threat. From vast wilderness and cities to ruins and the mysterious Abyss, forge your path through battles and discovery.",106933.0,,34.0,8,Very Positive,50214,7582,57796
306130,The Elder Scrolls® Online,game,True,True,False,"May 22, 2017",['Bethesda Softworks'],['ZeniMax Online Studios'],"Action,Adventure,Massively Multiplayer,RPG","Multi-player,MMO,PvP,Online PvP,Co-op,Online Co-op,Steam Trading Cards,Captions available,In-App Purchases,Camera Comfort,Chat Text-to-speech,Custom Volume Controls,Playable without Timed Input,Stereo Sound,Surround Sound,Partial Controller Support,HDR available,Family Sharing",1999.0,"Every legend starts somewhere and in The Elder Scrolls Online, it starts with you. Join millions of players in an online, fantasy RPG set in a vast living Elder Scrolls world.",133389.0,80.0,,8,Very Positive,60353,13604,73957
1086940,Baldur's Gate 3,game,True,True,False,"Aug 3, 2023",['Larian Studios'],['Larian Studios'],"Adventure,RPG,Strategy","Single-player,Multi-player,Co-op,Online Co-op,LAN Co-op,Cross-Platform Multiplayer,Steam Achievements,Full controller support,Steam Trading Cards,Adjustable Text Size,Camera Comfort,Color Alternatives,Custom Volume Controls,Adjustable Difficulty,Playable without Timed Input,Save Anytime,Stereo Sound,Subtitle Options,Surround Sound,Steam Cloud,Remote Play on TV,Remote Play Together,Family Sharing",5999.0,"Baldur’s Gate 3 is a story-rich, party-based RPG set in the universe of Dungeons &amp; Dragons, where your choices shape a tale of fellowship and betrayal, survival and sacrifice, and the lure of absolute power.",742308.0,96.0,54.0,9,Overwhelmingly Positive,428652,14058,442710
2806050,Halo: Campaign Evolved,game,False,True,False,"Jul 28, 2026",['Xbox Game Studios'],['Halo Studios'],"Action,Adventure","Single-player,Multi-player,Co-op,Online Co-op,Steam Achievements,Full controller support,Adjustable Text Size,Camera Comfort,Chat Speech-to-text,Chat Text-to-speech,Color Alternatives,Custom Volume Controls,Adjustable Difficulty,Keyboard Only Option,Mouse Only Option,Narrated Game Menus,Playable without Timed Input,Stereo Sound,Subtitle Options,Surround Sound,Family Sharing",4999.0,"Pre-purchase Halo: Campaign Evolved and get the Foundry Armory Pack, featuring legendary looks for the Master Chief’s iconic Mark V Mjolnir armor.",,,,0,No user reviews,0,0,0
534380,Dying Light 2 Stay Human: Reloaded Edition,game,False,True,False,"Feb 3, 2022",['Techland'],['Techland'],"Action,Adventure,RPG","Single-player,Multi-player,Co-op,Online Co-op,Steam Achievements,Full controller support,Steam Trading Cards,Steam Cloud,Remote Play on TV,Family Sharing",5999.0,"Humanity is fighting a losing battle against the virus. Experience a post-apocalyptic open world overrun by hordes of zombies, where your parkour and combat skills are key to survival. Traverse the City freely during the day, but watch the monsters take over during the night.",160887.0,,65.0,6,Mostly Positive,53080,14941,68021
1669000,Age of Wonders 4,game,False,True,False,"May 2, 2023",['Paradox Interactive'],['Triumph Studios'],"RPG,Strategy","Single-player,Multi-player,PvP,Online PvP,Co-op,Online Co-op,Cross-Platform Multiplayer,Steam Achievements,Steam Trading Cards,Steam Workshop,Camera Comfort,Chat Speech-to-text,Chat Text-to-speech,Custom Volume Controls,Adjustable Difficulty,Playable without Timed Input,Save Anytime,Stereo Sound,Surround Sound,Partial Controller Support,Steam Cloud,Remote Play Together,Family Sharing",4999.0,Rule a fantasy realm of your own design! Explore new magical realms in Age of Wonders’ signature blend of 4X strategy and turn-based tactical combat. Control a faction that grows and changes as you expand your empire with each turn!,16394.0,,114.0,8,Very Positive,8874,1825,10699
518790,theHunter: Call of the Wild™,game,False,True,False,"Feb 16, 2017",['Avalanche Studios'],['Expansive Worlds'],"Adventure,Simulation,Sports","Single-player,Multi-player,Co-op,Online Co-op,Steam Achievements,Full controller support,In-App Purchases,Steam Cloud,Family Sharing",1999.0,"Discover an atmospheric hunting game like no other in this realistic, stunning open world – regularly updated in collaboration with the community. Immerse yourself in the single player campaign, or share the ultimate hunting experience with friends.",166122.0,,160.0,8,Very Positive,56373,6033,62406
1599340,Lost Ark,game,False,True,False,"Feb 11, 2022",['Amazon Game Studios'],['Smilegate RPG'],"Action,Adventure,Massively Multiplayer,RPG,Free To Play","Single-player,Multi-player,MMO,PvP,Online PvP,Co-op,Online Co-op,Steam Achievements,In-App Purchases,Adjustable Text Size,Camera Comfort,Color Alternatives,Custom Volume Controls,Keyboard Only Option,Playable without Timed Input,Save Anytime,Partial Controller Support",,"Embark on an odyssey for the Lost Ark in a vast, vibrant world: explore new lands, seek out lost treasures, and test yourself in thrilling action combat in this action-packed free-to-play RPG.",65219.0,,156.0,5,Mixed,27038,11910,38948
4735390,Warframe: Constellations Complete Collection,dlc,False,True,False,"Jun 17, 2026",,['Digital Extremes'],"Action,RPG,Free To Play","Single-player,Multi-player,Co-op,Online Co-op,Cross-Platform Multiplayer,Downloadable Content,Steam Achievements,Full controller support,Steam Trading Cards,Steam Workshop,In-App Purchases,Camera Comfort,Color Alternatives,Custom Volume Controls,Playable without Timed Input,Stereo Sound,Surround Sound,Remote Play on Phone,Remote Play on Tablet,Remote Play on TV,HDR available",3499.0,Challenge the legacy of a doomed future. Prove that there is room for harmony in the present.,,,,0,3 user reviews,3,0,3
2909400,FINAL FANTASY VII REBIRTH,game,False,True,False,"Jan 23, 2025",['Square Enix'],['Square Enix'],"Action,Adventure,RPG","Single-player,Steam Achievements,Full controller support,Steam Trading Cards,Custom Volume Controls,Adjustable Difficulty,Keyboard Only Option,Stereo Sound,Surround Sound,Steam Cloud,HDR available,Family Sharing",4999.0,"The Unknown Journey Continues... After escaping the city of Midgar, Cloud and his friends set out on a journey across the planet. New adventures await in a vibrant, expansive world in this standalone entry of the FFVII remake trilogy.",22350.0,,61.0,8,Very Positive,9566,2390,11956
2221490,Tom Clancy’s The Division® 2,game,False,True,False,"Jan 12, 2023",['Ubisoft'],['Ubisoft'],"Action,Adventure,RPG","Single-player,Multi-player,PvP,Online PvP,Co-op,Online Co-op,Steam Achievements,Captions available,In-App Purchases,Partial Controller Support,HDR available",2999.0,"Join The Division in this open world tactical shooter. Engage in intense cover-based combat, team up with friends, and build your ultimate agent to save Washington, D.C.",30954.0,84.0,67.0,6,Mostly Positive,13284,3376,16660
266410,iRacing,game,False,True,False,"Jan 12, 2015","['iRacing.com Motorsport Simulations', 'iRacing']","['iRacing.com Motorsport Simulations', 'iRacing']","Massively Multiplayer,Racing,Simulation,Sports","Single-player,Multi-player,MMO,PvP,Online PvP,VR Support,Partial Controller Support,Family Sharing",999.0,"We are the world’s premier motorsports racing game. An iRacing membership provides entry into the newest form of motorsport: internet racing. Internet racing is a fun, easy, and inexpensive way for race fan and gamers alike to enjoy the thrill of the racetrack from the comfort of their home.",5470.0,79.0,,8,Very Positive,2499,559,3058
1903340,Clair Obscur: Expedition 33,game,False,True,False,"Apr 24, 2025",['Kepler Interactive'],['Sandfall Interactive'],"Action,RPG","Single-player,Steam Achievements,Full controller support,Adjustable Text Size,Custom Volume Controls,Adjustable Difficulty,Stereo Sound,Subtitle Options,Surround Sound,Steam Cloud,Family Sharing",4999.0,Lead the members of Expedition 33 on their quest to destroy the Paintress so that she can never paint death again. Explore a world of wonders inspired by Belle Époque France and battle unique enemies in this turn-based RPG with real-time mechanics.,175900.0,91.0,55.0,9,Overwhelmingly Positive,95968,3383,99351
2215200,LEGO® Batman™: Legacy of the Dark Knight,game,False,True,False,"May 22, 2026","['Warner Bros. Games', 'Warner Bros. Interactive Entertainment']",['TT Games'],"Action,Adventure","Single-player,Multi-player,Co-op,Shared/Split Screen Co-op,Shared/Split Screen,Steam Achievements,Full controller support,Steam Trading Cards,Steam Cloud,Remote Play on TV,Remote Play Together,HDR available,Family Sharing",6999.0,"Rise as the Dark Knight and experience the essential Batman story in a bold, action-packed adventure with hard-hitting combat, an open-world Gotham City, and the signature LEGO charm that fans know and love.",7328.0,84.0,52.0,9,Overwhelmingly Positive,5315,231,5546
3072120,Backrooms Lost Runners,game,False,True,False,"Jun 17, 2026",['ShimStudioGames'],['ShimStudioGames'],"Action,Adventure,Indie,Early Access","Single-player,Multi-player,Co-op,Online Co-op,Steam Achievements,Family Sharing",1399.0,"Backrooms Lost Runners is a co-op survival horror with team play, voice-reactive AI, and immersive puzzles. This isn’t a “walking simulator”: explore liminal spaces, outsmart entities, and remember—even a whisper can give you away.",,,19.0,7,Positive,21,2,23
4121170,Fears to Fathom® - Scratch Creek,game,False,True,False,"Jun 10, 2026",['Rayll Studios'],['Rayll'],"Adventure,Casual,Indie","Multi-player,Co-op,Online Co-op,Steam Achievements,Family Sharing",799.0,"After noticing bone-chilling similarities to an episode of Fears to Fathom, Tessa and Marcus decide to share their own experience. Scratch Creek is an exclusively online co-op experience.",3050.0,,10.0,6,Mostly Positive,1107,378,1485
1808500,ARC Raiders,game,False,True,False,"Oct 30, 2025",['Embark Studios'],['Embark Studios'],Action,"Multi-player,PvP,Online PvP,Co-op,Online Co-op,Cross-Platform Multiplayer,Steam Achievements,Full controller support,In-App Purchases,Stats,Family Sharing",3999.0,"ARC Raiders is a multiplayer extraction adventure, set in a lethal future earth, ravaged by a mysterious mechanized threat known as ARC.",290403.0,,50.0,8,Very Positive,161180,31741,192921
4760250,Warframe: Styanax Prime Access - Prime Pack,dlc,False,True,False,"Jun 17, 2026",['Digital Extremes'],['Digital Extremes'],"Action,RPG","Single-player,Multi-player,Co-op,Online Co-op,Cross-Platform Multiplayer,Downloadable Content,Steam Achievements,Steam Trading Cards,Steam Workshop,In-App Purchases,Camera Comfort,Color Alternatives,Custom Volume Controls,Playable without Timed Input,Stereo Sound,Surround Sound,HDR available",,"Purchase this Prime Pack and gain instant access to Styanax Prime, Afentis Prime, Athodai Prime, and more!",,,,0,1 user reviews,1,0,1
4241420,Stellaris: Nomads,dlc,True,True,True,"Jun 15, 2026",['Paradox Interactive'],['Paradox Development Studio'],"Simulation,Strategy","Single-player,Multi-player,Cross-Platform Multiplayer,Downloadable Content,Steam Achievements,Steam Trading Cards,Steam Workshop,Steam Cloud,Family Sharing",2499.0,"In Nomads, you thrive inside colossal Arkships that carry your people, your industry, and your ambition across the stars. Move freely through the galaxy, take on Contracts from settled empires, and leave your mark by building Waystations. Nomads do not own the map. They blaze a path across it.",195.0,,,5,Mixed,68,74,142
3186540,Destiny 2: Renegades,dlc,False,True,False,"Dec 2, 2025",['Bungie'],['Bungie'],"Action,Adventure,Free To Play","Single-player,Multi-player,PvP,Online PvP,Co-op,Online Co-op,Downloadable Content,Steam Achievements,In-App Purchases,Partial Controller Support,Family Sharing",1999.0,"Play Destiny 2: Renegades — The Lawless Frontier calls, an uncharted expanse where power alone isn’t enough. Navigate a world of shadows and syndicates, shape your legend through influence, and become the force that tips the balance.",1312.0,,,5,Mixed,599,425,1024
2807960,Battlefield™ 6,game,False,True,False,"Oct 10, 2025",['Electronic Arts'],['Battlefield Studios'],Action,"Single-player,Multi-player,PvP,Online PvP,Cross-Platform Multiplayer,Steam Achievements,Full controller support,In-App Purchases,Camera Comfort,Chat Speech-to-text,Chat Text-to-speech,Color Alternatives,Custom Volume Controls,Adjustable Difficulty,Keyboard Only Option,Playable without Timed Input,Stereo Sound,Subtitle Options,Surround Sound,Steam Cloud,HDR available",6999.0,"The ultimate all-out warfare experience. In a war of tanks, fighter jets, and massive combat arsenals, your squad is the deadliest weapon.",277425.0,82.0,53.0,5,Mixed,98118,46708,144826
949230,Cities: Skylines II,game,False,True,False,"Oct 24, 2023",['Paradox Interactive'],"['Iceflake Studios', 'Colossal Order']",Simulation,"Single-player,Steam Achievements,Full controller support,Steam Cloud,Family Sharing",4999.0,"Raise a city from the ground up and transform it into a thriving metropolis with the most realistic city builder ever. Push your creativity and problem-solving to build on a scale you've never experienced. With deep simulation and a living economy, this is world-building without limits.",61777.0,,44.0,5,Mixed,18845,14546,33391
1162750,Songs of Syx,game,True,True,True,"Sep 21, 2020",['Gamatron AB'],['Gamatron AB'],"Casual,Indie,Simulation,Strategy,Early Access","Single-player,Steam Achievements,Steam Workshop,Steam Cloud,Includes level editor,Family Sharing",2499.0,"Songs of Syx is a fantasy city-builder with vast battles simulating thousands of citizens and soldiers. Start off as a small village and build, scheme, and fight your way towards a mighty empire. The mechanics are deep and true to life, where tiny events can spiral into the collapse of kingdoms. ",8002.0,,34.0,9,Overwhelmingly Positive,5564,278,5842
2004680,Voidling Bound,game,False,True,False,"Jun 9, 2026",['Hatchery Games'],['Hatchery Games'],"Action,Adventure,RPG","Single-player,Steam Achievements,Full controller support,Camera Comfort,Color Alternatives,Custom Volume Controls,Adjustable Difficulty,Playable without Timed Input,Stereo Sound,Steam Cloud,Stats,Family Sharing",2499.0,"Hatch, evolve, and upgrade powerful space creatures in this action-packed sci-fi 3rd person shooter that reinvents the monster taming genre!",1897.0,,35.0,8,Very Positive,1239,74,1313
2622380,ELDEN RING NIGHTREIGN,game,False,True,False,"May 29, 2025","['FromSoftware, Inc.', 'Bandai Namco Entertainment']","['FromSoftware, Inc.']","Action,RPG","Single-player,Multi-player,Co-op,Online Co-op,Steam Achievements,Full controller support,Camera Comfort,Custom Volume Controls,Playable without Timed Input,Stereo Sound,Surround Sound,Steam Cloud,Family Sharing",3999.0,"ELDEN RING NIGHTREIGN is a standalone adventure within the ELDEN RING universe, crafted to offer players a new gaming experience by reimagining the game’s core design.",126106.0,,37.0,8,Very Positive,63965,9360,73325
3564740,Where Winds Meet,game,False,True,False,"Nov 14, 2025",['NetEase Games'],['Everstone Studio'],"Action,Adventure,RPG,Free To Play","Single-player,Multi-player,PvP,Online PvP,Co-op,Online Co-op,Cross-Platform Multiplayer,Steam Achievements,Full controller support,In-App Purchases,Family Sharing",,Step into an open-world action-adventure RPG set in ancient China. Uncover the secrets of your own identity as you rise from a humble village wanderer to the sword master of the imperial capital. Learn martial arts and build your reputation as a hero or a bringer of chaos in this free wuxia world.,,,51.0,0,No user reviews,0,0,0
3186490,Destiny 2: The Edge of Fate,dlc,False,True,False,"Jul 15, 2025",['Bungie'],['Bungie'],"Action,Adventure,Free To Play","Single-player,Multi-player,PvP,Online PvP,Co-op,Online Co-op,Downloadable Content,Steam Achievements,In-App Purchases,Partial Controller Support,Family Sharing",1999.0,"Play Destiny 2: The Edge of Fate. Guardians track a mysterious signal to a planetoid on the edge of the solar system, where they will uncover a truth that redefines their future. Enjoy a new campaign, new destination, new abilities, new gear, and much more.",2457.0,,,4,Mostly Negative,643,1353,1996
1297900,Gothic 1 Remake,game,False,True,False,"Jun 5, 2026","['Alkimia Interactive', 'THQ Nordic']",['Alkimia Interactive'],"Action,RPG","Single-player,Steam Achievements,Full controller support,Steam Trading Cards,Camera Comfort,Custom Volume Controls,Adjustable Difficulty,Playable without Timed Input,Save Anytime,Stereo Sound,Subtitle Options,Surround Sound,Steam Cloud,Family Sharing",4999.0,"The Legend is Back - Return to the Valley of the Mines in this faithful remake of the genre-defining classic RPG. Explore a hand-crafted, organic open world that reacts dynamically to your actions in a gritty, unrestricted experience like no other.",15804.0,,42.0,8,Very Positive,3906,787,4693
3932890,Escape from Tarkov,game,False,True,False,"Nov 15, 2025",['Battlestate Games'],['Battlestate Games'],"Action,Massively Multiplayer,RPG,Simulation","Multi-player,MMO,PvP,Online PvP,Co-op,Online Co-op,Steam Achievements,Steam Trading Cards,In-App Purchases,Camera Comfort,Color Alternatives,Custom Volume Controls,Playable without Timed Input,Stereo Sound,Surround Sound",4999.0,"Escape from Tarkov is the original extraction FPS where every raid is a gamble with death. Prep your raid, bleed, endure and fight through ruthless PMC players and Scavs, gain tactical advantage and cling to your loot — only extraction decides if you live or lose it all.",47821.0,,84.0,5,Mixed,6638,4229,10867
3241660,R.E.P.O.,game,False,True,False,"Feb 26, 2025",['semiwork'],['semiwork'],"Action,Early Access","Single-player,Multi-player,Co-op,Online Co-op,Camera Comfort,Custom Volume Controls,Playable without Timed Input,Stereo Sound,Steam Cloud,Family Sharing",999.0,"An online co-op horror game with up to 6 players. Locate valuable, fully physics-based objects and handle them with care as you retrieve and extract to satisfy your creator's desires.",322817.0,,,9,Overwhelmingly Positive,127858,4260,132118
1466060,Tainted Grail: The Fall of Avalon,game,False,True,False,"May 23, 2025",['Awaken Realms'],['Questline'],"Action,Adventure,Indie,RPG","Single-player,Steam Achievements,Full controller support,Steam Trading Cards,Steam Cloud,Family Sharing",4499.0,"Step into a dark reimagination of Arthurian legends in this first person, open world RPG. Explore a world stuck in everlasting autumn, witness falling legends and make meaningful choices woven into a complex, branching storyline.",30619.0,80.0,65.0,8,Very Positive,15948,2160,18108
2679100,Witchspire,game,False,True,False,"Jun 10, 2026","['Envar Games', 'Envar Publishing']",['Envar Games'],"Adventure,RPG,Early Access","Single-player,Multi-player,Co-op,Online Co-op,Steam Achievements,Custom Volume Controls,Adjustable Difficulty,Playable without Timed Input,Save Anytime,Stereo Sound,Subtitle Options,Partial Controller Support,Steam Cloud,Family Sharing",2299.0,"Step into the ultimate open-world witch adventure. Befriend and battle creatures, and conjure up a sanctuary alongside other witches in co-op or single-player.",1025.0,,70.0,8,Very Positive,493,62,555
2373990,Solo Leveling: ARISE OVERDRIVE,game,False,True,False,"Nov 24, 2025",['Netmarble'],['Netmarble Neo'],"Action,RPG","Single-player,Multi-player,Co-op,Online Co-op,Full controller support,Steam Cloud,Family Sharing",3999.0,"Solo Leveling, the webtoon with 14.3 billion views worldwide, is now an action RPG game! Help our hero grow from his humble E-Rank beginnings.",6758.0,,58.0,6,Mostly Positive,2179,693,2872
2001120,Split Fiction,game,False,True,False,"Mar 6, 2025",['Electronic Arts'],['Hazelight Studios'],"Action,Adventure","Multi-player,Co-op,Online Co-op,Shared/Split Screen Co-op,Shared/Split Screen,Cross-Platform Multiplayer,Steam Achievements,Full controller support,Steam Trading Cards,Captions available,Camera Comfort,Color Alternatives,Stereo Sound,Surround Sound,Steam Cloud,Remote Play Together,HDR available,Family Sharing",4999.0,"Embrace mind-blowing moments as you’re pulled deep into the many worlds of Split Fiction, a boundary-pushing co-op adventure.",74976.0,,20.0,9,Overwhelmingly Positive,21854,846,22700
3164500,Schedule I,game,False,True,False,"Mar 24, 2025",['TVGS'],['TVGS'],"Action,Indie,Simulation,Strategy,Early Access","Single-player,Multi-player,Co-op,Online Co-op,Steam Achievements,Adjustable Text Size,Camera Comfort,Custom Volume Controls,Playable without Timed Input,Save Anytime,Stereo Sound,Steam Cloud,Family Sharing",1999.0,"From small-time dope pusher to kingpin - manufacture and distribute a range of drugs throughout the grungy city of Hyland Point. Expand your empire with properties, businesses, employees and more.",276814.0,,13.0,9,Overwhelmingly Positive,188786,3990,192776
1091500,Cyberpunk 2077,game,True,True,False,"Dec 9, 2020",['CD PROJEKT RED'],['CD PROJEKT RED'],RPG,"Single-player,Steam Achievements,Full controller support,Steam Trading Cards,Adjustable Text Size,Camera Comfort,Color Alternatives,Custom Volume Controls,Adjustable Difficulty,Playable without Timed Input,Save Anytime,Stereo Sound,Subtitle Options,Surround Sound,Steam Cloud,HDR available,Family Sharing",5999.0,"Cyberpunk 2077 is an open-world, action-adventure RPG set in the dark future of Night City — a dangerous megalopolis obsessed with power, glamor, and ceaseless body modification.",854961.0,86.0,57.0,8,Very Positive,334396,41972,376368
1286830,STAR WARS™: The Old Republic™,game,False,True,False,"Jul 21, 2020",['Electronic Arts'],['Broadsword'],"Massively Multiplayer,RPG,Free To Play","Multi-player,MMO,PvP,Co-op,Steam Achievements,Steam Trading Cards,In-App Purchases,Family Sharing",,"STAR WARS™: The Old Republic™ is a free-to-play MMORPG that puts you at the center of your own story-driven saga. Play as a Jedi, Sith, Bounty Hunter, or one of many other iconic STAR WARS roles in the galaxy far, far away over three thousand years before the classic films.",460.0,85.0,191.0,8,Very Positive,329,40,369
1222670,The Sims™ 4,game,False,True,False,"Jun 18, 2020",['Electronic Arts'],['Maxis'],"Adventure,Casual,Simulation,Free To Play","Single-player,Steam Trading Cards,In-App Purchases,Mouse Only Option,Playable without Timed Input,Save Anytime,Stereo Sound,Surround Sound,Remote Play on Tablet",,Play with life and discover the possibilities. Unleash your imagination and create a world of Sims that’s wholly unique. Explore and customize every detail from Sims to homes–and much more.,83083.0,,,8,Very Positive,40155,6041,46196
1476970,IdleOn,game,False,True,False,"Nov 6, 2025",['Lavaflame2'],['Lavaflame2'],"Adventure,Casual,Indie,Massively Multiplayer,RPG,Simulation,Strategy,Free To Play","Single-player,Multi-player,MMO,Co-op,Online Co-op,Cross-Platform Multiplayer,Steam Achievements,In-App Purchases,Family Sharing",,"The management RPG where your heroes keep fighting even when you're gone! Spend their loot on upgrades, unlock classes from Elemental Wizard to Cannon Pirate, and level up 19 unique skills like Farming, Sailing, and even Construction!",,,276.0,0,No user reviews,0,0,0
1671210,DELTARUNE,game,True,True,False,"Jun 4, 2025",['tobyfox'],['tobyfox'],"Indie,RPG","Single-player,Full controller support,Steam Cloud,Family Sharing",2499.0,"Dive into the parallel story to UNDERTALE! Fight or spare your way through action-packed battles as you explore a mysterious world alongside an endearing cast of new and familiar characters. Chapters 1-4 will be available on launch, with more planned as free updates!",94714.0,,,9,Overwhelmingly Positive,64565,939,65504
2186680,"Warhammer 40,000: Rogue Trader",game,True,True,False,"Dec 7, 2023",['Owlcat Games'],['Owlcat Games'],"Action,Adventure,Indie,RPG,Strategy","Single-player,Multi-player,Co-op,Online Co-op,Cross-Platform Multiplayer,Steam Achievements,Steam Trading Cards,Steam Workshop,Adjustable Text Size,Custom Volume Controls,Mouse Only Option,Save Anytime,Stereo Sound,Subtitle Options,Surround Sound,Partial Controller Support,Steam Cloud,Family Sharing",4999.0,"Made in a close partnership with Games Workshop, Warhammer 40,000: Rogue Trader is a story-rich classical RPG from Owlcat Games, developers of the critically acclaimed game, Pathfinder: Wrath of the Righteous.",31261.0,,133.0,8,Very Positive,15576,2436,18012
1313140,Cult of the Lamb,game,True,True,False,"Aug 11, 2022",['Devolver Digital'],['Massive Monster'],"Action,Adventure,Indie,Strategy","Single-player,Multi-player,Co-op,Shared/Split Screen Co-op,Shared/Split Screen,Steam Achievements,Full controller support,Steam Trading Cards,Adjustable Text Size,Camera Comfort,Custom Volume Controls,Adjustable Difficulty,Keyboard Only Option,Save Anytime,Stereo Sound,Steam Cloud,Remote Play Together,Family Sharing",2499.0,"Start your own cult in a land of false prophets, venturing out into diverse and mysterious regions to build a loyal community of woodland Followers and spread your Word to become the one true cult.",107633.0,82.0,57.0,9,Overwhelmingly Positive,56798,2129,58927
1284210,Guild Wars 2®,game,False,True,False,"Aug 23, 2022","['ArenaNet®', 'NCSOFT']",['ArenaNet®'],"Adventure,Massively Multiplayer,RPG,Free To Play","Multi-player,MMO,PvP,Online PvP,Co-op,Online Co-op,In-App Purchases,Family Sharing",,"Guild Wars 2 is an award-winning online roleplaying game with fast-paced action combat, deep character customization, and no subscription fee required. Choose from an arsenal of professions and weapons, explore a vast open world, compete in PVP modes and more. Join over 16 million players now!",477.0,90.0,,8,Very Positive,298,33,331
3337380,Tabletop Tavern,game,False,True,False,"Jun 11, 2026","['Frostbloom', 'Gamirror Games']",['TJ'],Strategy,"Single-player,Steam Achievements,Camera Comfort,Custom Volume Controls,Adjustable Difficulty,Mouse Only Option,Playable without Timed Input,Stereo Sound,Steam Cloud,Stats,Family Sharing",1999.0,"Tabletop Tavern is a roguelike RTS where you build an army from scratch and command them across a brutal campaign. Recruit diverse units, create devastating synergies, and make tactical choices that shape the fate of every run.",1110.0,,25.0,8,Very Positive,720,63,783
2739990,Mahjong Soul,game,False,True,False,"Jul 23, 2024",['YOSTAR HONG KONG LIMITED'],['Catfood Studio'],"Casual,Strategy","Multi-player,PvP,Online PvP,Cross-Platform Multiplayer,In-App Purchases,Family Sharing",,"Mahjong Soul is an online game that adopted the classic Japanese Mahjong gameplay. Here, you can hone your mahjong skills with players from worldwide or spend leisure time with friends, bond with various charismatic characters, and experience an abundance of unique stories.",,,,0,No user reviews,0,0,0
2141730,Backrooms: Escape Together,game,False,True,False,"Oct 18, 2022",['Triiodide Studios'],['Triiodide Studios'],"Action,Adventure,Casual,Indie,Early Access","Single-player,Multi-player,Co-op,Online Co-op,Steam Achievements,Full controller support,Camera Comfort,Color Alternatives,Custom Volume Controls,Playable without Timed Input,Stereo Sound,Surround Sound,Steam Cloud,Family Sharing",999.0,"A visually lifelike co-op horror game for 1-6 people. Journey through 11 procedurally generated levels, using what's available to survive and progress deeper into the Backrooms.",35927.0,,22.0,8,Very Positive,11828,1339,13167
2790700,SWAPMEAT,game,True,True,False,"Jun 17, 2026",['One More Game'],['One More Game'],"Action,Adventure,Indie","Single-player,Multi-player,Co-op,Online Co-op,Cross-Platform Multiplayer,Steam Achievements,Full controller support,Steam Trading Cards,Steam Cloud,Family Sharing",1649.0,"Rip through hostile alien worlds, harvest mutant body parts mid-combat, and adapt faster than your enemies. Every alien you harvest gives you new body parts with unique powers, like triple-jump legs, turret-dropping torsos, grenade-launching turkey heads. Steal, swap, survive.",132.0,,34.0,8,Very Positive,108,10,118
3751950,Assassin's Creed Black Flag Resynced,game,False,True,False,"Jul 9, 2026",['Ubisoft'],"['Ubisoft Singapore', 'Ubisoft Barcelona', 'Ubisoft Bordeaux', 'Ubisoft Belgrade', 'Ubisoft Chengdu', 'Ubisoft India', 'Ubisoft Kyiv', 'Ubisoft Montpellier', 'Ubisoft Philippines', 'Ubisoft Quebec', 'Ubisoft Shanghai']","Action,Adventure","Single-player,Steam Achievements,Steam Trading Cards,Captions available,In-App Purchases,Adjustable Text Size,Camera Comfort,Color Alternatives,Custom Volume Controls,Adjustable Difficulty,Keyboard Only Option,Mouse Only Option,Narrated Game Menus,Playable without Timed Input,Save Anytime,Stereo Sound,Subtitle Options,Surround Sound,Partial Controller Support,HDR available",5999.0,"The iconic solo pirate adventure returns. Sail the Caribbean as Edward Kenway during the Golden Age of Piracy in this faithfully enhanced remake featuring stunning visuals, upgraded gameplay, and new content.",,,,0,No user reviews,0,0,0
